,"[1, 2]","       [1, 6]","       [1, 5]","       [1, 4]","       [1, 8]","       [2, 3]","       [2, 6]","       [2, 5]","       [2, 4]","       [2, 7],","       [2, 9],","       [3, 6],","       [3, 5],","       [3, 4],","       [3, 8],","       [5, 6]","       [6, 7]","       [6, 8]","       [6, 9]","       [4, 5],","       [5, 7]","       [5, 8]","       [5, 9]","       [4, 7],","       [4, 8]","       [4, 9]","       [7, 8]","       [8, 9]",constr2,obj1,obj2,constr1,constr3,design_bitstring,design_radii
0,0.0,0.0,0.0004,0.0002,0.0,0.0003,0.0,0.0004,0.0,0.0,0.0,0.0003,0.0,0.0,0.0,0.0,0.0002,0.0,0.0003,0.0,0.0004,0.0,0.0004,0.0,0.0,0.0004,0.0,0.0004,69000000000.0,0.157260466,0.619279597,1.39e-16,1,"[0, 0, 1, 1, 0, 1, 0, 1, 0, 0, 0, 1, 0, 0, 0, 0, 1, 0, 1, 0, 1, 0, 1, 0, 0, 1, 0, 1]","[0.0, 0.0, 0.0004, 0.0002, 0.0, 0.0003, 0.0, 0.0004, 0.0, 0.0, 0.0, 0.0003, 0.0, 0.0, 0.0, 0.0, 0.0002, 0.0, 0.0003, 0.0, 0.0004, 0.0, 0.0004, 0.0, 0.0, 0.0004, 0.0, 0.0004]"
1,0.0002,0.0003,0.0,0.0002,0.0,0.0003,0.0003,0.0002,0.0004,0.0,0.0004,0.0004,0.0,0.0,0.0004,0.0,0.0,0.0002,0.0,0.0,0.0003,0.0,0.0003,0.0003,0.0,0.0,0.0003,0.0002,200000000000.0,0.336060629,0.603640778,1.39e-16,1,"[1, 1, 0, 1, 0, 1, 1, 1, 1, 0, 1, 1, 0, 0, 1, 0, 0, 1, 0, 0, 1, 0, 1, 1, 0, 0, 1, 1]","[0.0002, 0.0003, 0.0, 0.0002, 0.0, 0.0003, 0.0003, 0.0002, 0.0004, 0.0, 0.0004, 0.0004, 0.0, 0.0, 0.0004, 0.0, 0.0, 0.0002, 0.0, 0.0, 0.0003, 0.0, 0.0003, 0.0003, 0.0, 0.0, 0.0003, 0.0002]"
2,0.0002,0.0004,0.0,0.0004,0.0,0.0,0.0,0.0003,0.0002,0.0003,0.0002,0.0002,0.0,0.0002,0.0002,0.0003,0.0002,0.0003,0.0003,0.0003,0.0003,0.0,0.0002,0.0,0.0,0.0003,0.0002,0.0,69000000000.0,0.260312855,0.699117196,1.39e-16,1,"[1, 1, 0, 1, 0, 0, 0, 1, 1, 1, 1, 1, 0, 1, 1, 1, 1, 1, 1, 1, 1, 0, 1, 0, 0, 1, 1, 0]","[0.0002, 0.0004, 0.0, 0.0004, 0.0, 0.0, 0.0, 0.0003, 0.0002, 0.0003, 0.0002, 0.0002, 0.0, 0.0002, 0.0002, 0.0003, 0.0002, 0.0003, 0.0003, 0.0003, 0.0003, 0.0, 0.0002, 0.0, 0.0, 0.0003, 0.0002, 0.0]"
3,0.0003,0.0,0.0,0.0003,0.0,0.0003,0.0,0.0,0.0,0.0003,0.0,0.0003,0.0004,0.0002,0.0,0.0,0.0003,0.0003,0.0,0.0003,0.0,0.0004,0.0003,0.0003,0.0,0.0,0.0002,0.0004,800000000.0,0.115543713,0.408732971,1.39e-16,1,"[1, 0, 0, 1, 0, 1, 0, 0, 0, 1, 0, 1, 1, 1, 0, 0, 1, 1, 0, 1, 0, 1, 1, 1, 0, 0, 1, 1]","[0.0003, 0.0, 0.0, 0.0003, 0.0, 0.0003, 0.0, 0.0, 0.0, 0.0003, 0.0, 0.0003, 0.0004, 0.0002, 0.0, 0.0, 0.0003, 0.0003, 0.0, 0.0003, 0.0, 0.0004, 0.0003, 0.0003, 0.0, 0.0, 0.0002, 0.0004]"
4,0.0,0.0002,0.0003,0.0003,0.0,0.0002,0.0,0.0,0.0003,0.0,0.0,0.0002,0.0,0.0003,0.0002,0.0,0.0002,0.0004,0.0003,0.0004,0.0,0.0,0.0004,0.0003,0.0002,0.0002,0.0,0.0004,200000000000.0,0.132978352,0.437880119,1.39e-16,1,"[0, 1, 1, 1, 0, 1, 0, 0, 1, 0, 0, 1, 0, 1, 1, 0, 1, 1, 1, 1, 0, 0, 1, 1, 1, 1, 0, 1]","[0.0, 0.0002, 0.0003, 0.0003, 0.0, 0.0002, 0.0, 0.0, 0.0003, 0.0, 0.0, 0.0002, 0.0, 0.0003, 0.0002, 0.0, 0.0002, 0.0004, 0.0003, 0.0004, 0.0, 0.0, 0.0004, 0.0003, 0.0002, 0.0002, 0.0, 0.0004]"
5,0.0003,0.0003,0.0004,0.0002,0.0004,0.0,0.0,0.0004,0.0,0.0004,0.0003,0.0002,0.0002,0.0,0.0,0.0003,0.0,0.0,0.0,0.0,0.0004,0.0,0.0002,0.0003,0.0002,0.0,0.0004,0.0,117000000000.0,0.25411255,0.706729897,1.39e-16,1,"[1, 1, 1, 1, 1, 0, 0, 1, 0, 1, 1, 1, 1, 0, 0, 1, 0, 0, 0, 0, 1, 0, 1, 1, 1, 0, 1, 0]","[0.0003, 0.0003, 0.0004, 0.0002, 0.0004, 0.0, 0.0, 0.0004, 0.0, 0.0004, 0.0003, 0.0002, 0.0002, 0.0, 0.0, 0.0003, 0.0, 0.0, 0.0, 0.0, 0.0004, 0.0, 0.0002, 0.0003, 0.0002, 0.0, 0.0004, 0.0]"
6,0.0004,0.0002,0.0004,0.0002,0.0002,0.0,0.0,0.0,0.0002,0.0,0.0003,0.0003,0.0,0.0002,0.0004,0.0,0.0002,0.0002,0.0002,0.0003,0.0,0.0,0.0002,0.0003,0.0,0.0003,0.0004,0.0,800000000.0,0.173857574,0.501700732,1.39e-16,1,"[1, 1, 1, 1, 1, 0, 0, 0, 1, 0, 1, 1, 0, 1, 1, 0, 1, 1, 1, 1, 0, 0, 1, 1, 0, 1, 1, 0]","[0.0004, 0.0002, 0.0004, 0.0002, 0.0002, 0.0, 0.0, 0.0, 0.0002, 0.0, 0.0003, 0.0003, 0.0, 0.0002, 0.0004, 0.0, 0.0002, 0.0002, 0.0002, 0.0003, 0.0, 0.0, 0.0002, 0.0003, 0.0, 0.0003, 0.0004, 0.0]"
7,0.0003,0.0003,0.0,0.0003,0.0003,0.0,0.0003,0.0002,0.0,0.0003,0.0,0.0003,0.0,0.0003,0.0002,0.0004,0.0002,0.0,0.0004,0.0,0.0,0.0,0.0004,0.0,0.0,0.0002,0.0004,0.0,69000000000.0,0.192045661,0.566635672,1.39e-16,1,"[1, 1, 0, 1, 1, 0, 1, 1, 0, 1, 0, 1, 0, 1, 1, 1, 1, 0, 1, 0, 0, 0, 1, 0, 0, 1, 1, 0]","[0.0003, 0.0003, 0.0, 0.0003, 0.0003, 0.0, 0.0003, 0.0002, 0.0, 0.0003, 0.0, 0.0003, 0.0, 0.0003, 0.0002, 0.0004, 0.0002, 0.0, 0.0004, 0.0, 0.0, 0.0, 0.0004, 0.0, 0.0, 0.0002, 0.0004, 0.0]"
8,0.0002,0.0002,0.0002,0.0,0.0,0.0003,0.0004,0.0,0.0,0.0002,0.0,0.0,0.0004,0.0004,0.0003,0.0003,0.0004,0.0,0.0002,0.0,0.0003,0.0004,0.0004,0.0,0.0,0.0002,0.0002,0.0002,200000000000.0,0.251713511,0.962155513,1.39e-16,1,"[1, 1, 1, 0, 0, 1, 1, 0, 0, 1, 0, 0, 1, 1, 1, 1, 1, 0, 1, 0, 1, 1, 1, 0, 0, 1, 1, 1]","[0.0002, 0.0002, 0.0002, 0.0, 0.0, 0.0003, 0.0004, 0.0, 0.0, 0.0002, 0.0, 0.0, 0.0004, 0.0004, 0.0003, 0.0003, 0.0004, 0.0, 0.0002, 0.0, 0.0003, 0.0004, 0.0004, 0.0, 0.0, 0.0002, 0.0002, 0.0002]"
9,0.0,0.0,0.0,0.0003,0.0003,0.0004,0.0002,0.0002,0.0,0.0,0.0,0.0004,0.0,0.0,0.0003,0.0,0.0004,0.0003,0.0004,0.0002,0.0,0.0,0.0,0.0004,0.0003,0.0002,0.0,0.0004,69000000000.0,0.148297546,0.380269568,1.39e-16,1,"[0, 0, 0, 1, 1, 1, 1, 1, 0, 0, 0, 1, 0, 0, 1, 0, 1, 1, 1, 1, 0, 0, 0, 1, 1, 1, 0, 1]","[0.0, 0.0, 0.0, 0.0003, 0.0003, 0.0004, 0.0002, 0.0002, 0.0, 0.0, 0.0, 0.0004, 0.0, 0.0, 0.0003, 0.0, 0.0004, 0.0003, 0.0004, 0.0002, 0.0, 0.0, 0.0, 0.0004, 0.0003, 0.0002, 0.0, 0.0004]"
10,0.0,0.0,0.0,0.0004,0.0,0.0003,0.0,0.0004,0.0,0.0002,0.0,0.0004,0.0,0.0,0.0,0.0,0.0,0.0,0.0,0.0004,0.0002,0.0,0.0,0.0004,0.0004,0.0,0.0,0.0004,117000000000.0,0.063038025,0.222838325,1.39e-16,1,"[0, 0, 0, 1, 0, 1, 0, 1, 0, 1, 0, 1, 0, 0, 0, 0, 0, 0, 0, 1, 1, 0, 0, 1, 1, 0, 0, 1]","[0.0, 0.0, 0.0, 0.0004, 0.0, 0.0003, 0.0, 0.0004, 0.0, 0.0002, 0.0, 0.0004, 0.0, 0.0, 0.0, 0.0, 0.0, 0.0, 0.0, 0.0004, 0.0002, 0.0, 0.0, 0.0004, 0.0004, 0.0, 0.0, 0.0004]"
11,0.0,0.0,0.0,0.0002,0.0,0.0004,0.0,0.0,0.0004,0.0002,0.0,0.0004,0.0,0.0003,0.0,0.0003,0.0002,0.0002,0.0003,0.0,0.0003,0.0003,0.0003,0.0,0.0,0.0004,0.0,0.0004,117000000000.0,0.081312908,0.486591955,1.39e-16,1,"[0, 0, 0, 1, 0, 1, 0, 0, 1, 1, 0, 1, 0, 1, 0, 1, 1, 1, 1, 0, 1, 1, 1, 0, 0, 1, 0, 1]","[0.0, 0.0, 0.0, 0.0002, 0.0, 0.0004, 0.0, 0.0, 0.0004, 0.0002, 0.0, 0.0004, 0.0, 0.0003, 0.0, 0.0003, 0.0002, 0.0002, 0.0003, 0.0, 0.0003, 0.0003, 0.0003, 0.0, 0.0, 0.0004, 0.0, 0.0004]"
12,0.0002,0.0,0.0004,0.0003,0.0002,0.0004,0.0002,0.0004,0.0,0.0004,0.0,0.0003,0.0,0.0,0.0003,0.0,0.0004,0.0002,0.0,0.0,0.0003,0.0004,0.0,0.0002,0.0,0.0,0.0002,0.0002,117000000000.0,0.451342748,0.661438964,1.39e-16,1,"[1, 0, 1, 1, 1, 1, 1, 1, 0, 1, 0, 1, 0, 0, 1, 0, 1, 1, 0, 0, 1, 1, 0, 1, 0, 0, 1, 1]","[0.0002, 0.0, 0.0004, 0.0003, 0.0002, 0.0004, 0.0002, 0.0004, 0.0, 0.0004, 0.0, 0.0003, 0.0, 0.0, 0.0003, 0.0, 0.0004, 0.0002, 0.0, 0.0, 0.0003, 0.0004, 0.0, 0.0002, 0.0, 0.0, 0.0002, 0.0002]"
13,0.0,0.0,0.0,0.0004,0.0003,0.0003,0.0003,0.0,0.0,0.0004,0.0,0.0003,0.0003,0.0,0.0003,0.0002,0.0,0.0,0.0,0.0002,0.0002,0.0004,0.0002,0.0004,0.0,0.0,0.0,0.0003,200000000000.0,0.26323923,0.484710929,1.39e-16,1,"[0, 0, 0, 1, 1, 1, 1, 0, 0, 1, 0, 1, 1, 0, 1, 1, 0, 0, 0, 1, 1, 1, 1, 1, 0, 0, 0, 1]","[0.0, 0.0, 0.0, 0.0004, 0.0003, 0.0003, 0.0003, 0.0, 0.0, 0.0004, 0.0, 0.0003, 0.0003, 0.0, 0.0003, 0.0002, 0.0, 0.0, 0.0, 0.0002, 0.0002, 0.0004, 0.0002, 0.0004, 0.0, 0.0, 0.0, 0.0003]"
14,0.0002,0.0,0.0,0.0002,0.0002,0.0,0.0,0.0003,0.0,0.0,0.0,0.0004,0.0,0.0,0.0003,0.0004,0.0,0.0002,0.0,0.0002,0.0,0.0002,0.0003,0.0,0.0002,0.0,0.0002,0.0,117000000000.0,0.311304893,0.432616914,1.39e-16,1,"[1, 0, 0, 1, 1, 0, 0, 1, 0, 0, 0, 1, 0, 0, 1, 1, 0, 1, 0, 1, 0, 1, 1, 0, 1, 0, 1, 0]","[0.0002, 0.0, 0.0, 0.0002, 0.0002, 0.0, 0.0, 0.0003, 0.0, 0.0, 0.0, 0.0004, 0.0, 0.0, 0.0003, 0.0004, 0.0, 0.0002, 0.0, 0.0002, 0.0, 0.0002, 0.0003, 0.0, 0.0002, 0.0, 0.0002, 0.0]"
15,0.0002,0.0002,0.0,0.0004,0.0004,0.0003,0.0004,0.0,0.0004,0.0002,0.0,0.0004,0.0003,0.0,0.0003,0.0003,0.0003,0.0004,0.0004,0.0,0.0003,0.0,0.0,0.0002,0.0,0.0002,0.0003,0.0004,117000000000.0,0.249541253,0.708058553,1.39e-16,1,"[1, 1, 0, 1, 1, 1, 1, 0, 1, 1, 0, 1, 1, 0, 1, 1, 1, 1, 1, 0, 1, 0, 0, 1, 0, 1, 1, 1]","[0.0002, 0.0002, 0.0, 0.0004, 0.0004, 0.0003, 0.0004, 0.0, 0.0004, 0.0002, 0.0, 0.0004, 0.0003, 0.0, 0.0003, 0.0003, 0.0003, 0.0004, 0.0004, 0.0, 0.0003, 0.0, 0.0, 0.0002, 0.0, 0.0002, 0.0003, 0.0004]"
16,0.0004,0.0002,0.0,0.0,0.0,0.0004,0.0,0.0,0.0,0.0,0.0,0.0,0.0003,0.0,0.0002,0.0002,0.0004,0.0002,0.0003,0.0,0.0,0.0,0.0,0.0002,0.0,0.0004,0.0003,0.0002,800000000.0,0.112419582,0.379018828,1.39e-16,1,"[1, 1, 0, 0, 0, 1, 0, 0, 0, 0, 0, 0, 1, 0, 1, 1, 1, 1, 1, 0, 0, 0, 0, 1, 0, 1, 1, 1]","[0.0004, 0.0002, 0.0, 0.0, 0.0, 0.0004, 0.0, 0.0, 0.0, 0.0, 0.0, 0.0, 0.0003, 0.0, 0.0002, 0.0002, 0.0004, 0.0002, 0.0003, 0.0, 0.0, 0.0, 0.0, 0.0002, 0.0, 0.0004, 0.0003, 0.0002]"
17,0.0,0.0,0.0003,0.0004,0.0,0.0003,0.0,0.0003,0.0002,0.0,0.0,0.0002,0.0003,0.0004,0.0,0.0,0.0,0.0,0.0004,0.0004,0.0004,0.0,0.0,0.0004,0.0,0.0004,0.0,0.0004,4000000000.0,0.116560811,0.422907128,1.39e-16,1,"[0, 0, 1, 1, 0, 1, 0, 1, 1, 0, 0, 1, 1, 1, 0, 0, 0, 0, 1, 1, 1, 0, 0, 1, 0, 1, 0, 1]","[0.0, 0.0, 0.0003, 0.0004, 0.0, 0.0003, 0.0, 0.0003, 0.0002, 0.0, 0.0, 0.0002, 0.0003, 0.0004, 0.0, 0.0, 0.0, 0.0, 0.0004, 0.0004, 0.0004, 0.0, 0.0, 0.0004, 0.0, 0.0004, 0.0, 0.0004]"
18,0.0002,0.0,0.0003,0.0002,0.0003,0.0,0.0003,0.0,0.0002,0.0,0.0,0.0004,0.0,0.0,0.0004,0.0002,0.0002,0.0,0.0,0.0004,0.0003,0.0,0.0004,0.0004,0.0,0.0,0.0002,0.0,69000000000.0,0.248292382,0.455337739,1.39e-16,1,"[1, 0, 1, 1, 1, 0, 1, 0, 1, 0, 0, 1, 0, 0, 1, 1, 1, 0, 0, 1, 1, 0, 1, 1, 0, 0, 1, 0]","[0.0002, 0.0, 0.0003, 0.0002, 0.0003, 0.0, 0.0003, 0.0, 0.0002, 0.0, 0.0, 0.0004, 0.0, 0.0, 0.0004, 0.0002, 0.0002, 0.0, 0.0, 0.0004, 0.0003, 0.0, 0.0004, 0.0004, 0.0, 0.0, 0.0002, 0.0]"
19,0.0002,0.0,0.0004,0.0003,0.0,0.0002,0.0004,0.0,0.0003,0.0002,0.0002,0.0002,0.0002,0.0,0.0,0.0003,0.0,0.0,0.0,0.0,0.0003,0.0,0.0004,0.0004,0.0,0.0,0.0002,0.0003,4000000000.0,0.232053843,0.595563046,1.39e-16,1,"[1, 0, 1, 1, 0, 1, 1, 0, 1, 1, 1, 1, 1, 0, 0, 1, 0, 0, 0, 0, 1, 0, 1, 1, 0, 0, 1, 1]","[0.0002, 0.0, 0.0004, 0.0003, 0.0, 0.0002, 0.0004, 0.0, 0.0003, 0.0002, 0.0002, 0.0002, 0.0002, 0.0, 0.0, 0.0003, 0.0, 0.0, 0.0, 0.0, 0.0003, 0.0, 0.0004, 0.0004, 0.0, 0.0, 0.0002, 0.0003]"
20,0.0003,0.0,0.0,0.0002,0.0,0.0,0.0003,0.0002,0.0003,0.0,0.0002,0.0004,0.0,0.0,0.0,0.0,0.0,0.0002,0.0004,0.0002,0.0,0.0,0.0004,0.0,0.0,0.0003,0.0004,0.0,200000000000.0,0.073516225,0.271851539,1.39e-16,1,"[1, 0, 0, 1, 0, 0, 1, 1, 1, 0, 1, 1, 0, 0, 0, 0, 0, 1, 1, 1, 0, 0, 1, 0, 0, 1, 1, 0]","[0.0003, 0.0, 0.0, 0.0002, 0.0, 0.0, 0.0003, 0.0002, 0.0003, 0.0, 0.0002, 0.0004, 0.0, 0.0, 0.0, 0.0, 0.0, 0.0002, 0.0004, 0.0002, 0.0, 0.0, 0.0004, 0.0, 0.0, 0.0003, 0.0004, 0.0]"
21,0.0002,0.0,0.0,0.0,0.0003,0.0,0.0003,0.0002,0.0003,0.0004,0.0003,0.0,0.0,0.0,0.0003,0.0,0.0004,0.0,0.0002,0.0002,0.0004,0.0,0.0002,0.0004,0.0,0.0004,0.0004,0.0,69000000000.0,0.210476936,0.688801778,1.39e-16,1,"[1, 0, 0, 0, 1, 0, 1, 1, 1, 1, 1, 0, 0, 0, 1, 0, 1, 0, 1, 1, 1, 0, 1, 1, 0, 1, 1, 0]","[0.0002, 0.0, 0.0, 0.0, 0.0003, 0.0, 0.0003, 0.0002, 0.0003, 0.0004, 0.0003, 0.0, 0.0, 0.0, 0.0003, 0.0, 0.0004, 0.0, 0.0002, 0.0002, 0.0004, 0.0, 0.0002, 0.0004, 0.0, 0.0004, 0.0004, 0.0]"
22,0.0004,0.0,0.0002,0.0,0.0,0.0003,0.0002,0.0,0.0002,0.0002,0.0004,0.0,0.0,0.0002,0.0,0.0002,0.0,0.0003,0.0002,0.0,0.0,0.0,0.0004,0.0003,0.0,0.0003,0.0004,0.0003,200000000000.0,0.172277762,0.462863579,1.39e-16,1,"[1, 0, 1, 0, 0, 1, 1, 0, 1, 1, 1, 0, 0, 1, 0, 1, 0, 1, 1, 0, 0, 0, 1, 1, 0, 1, 1, 1]","[0.0004, 0.0, 0.0002, 0.0, 0.0, 0.0003, 0.0002, 0.0, 0.0002, 0.0002, 0.0004, 0.0, 0.0, 0.0002, 0.0, 0.0002, 0.0, 0.0003, 0.0002, 0.0, 0.0, 0.0, 0.0004, 0.0003, 0.0, 0.0003, 0.0004, 0.0003]"
23,0.0002,0.0,0.0,0.0,0.0003,0.0,0.0002,0.0,0.0002,0.0,0.0,0.0,0.0002,0.0002,0.0003,0.0002,0.0,0.0,0.0002,0.0,0.0004,0.0003,0.0,0.0,0.0,0.0004,0.0004,0.0,69000000000.0,0.072814005,0.537088808,1.39e-16,1,"[1, 0, 0, 0, 1, 0, 1, 0, 1, 0, 0, 0, 1, 1, 1, 1, 0, 0, 1, 0, 1, 1, 0, 0, 0, 1, 1, 0]","[0.0002, 0.0, 0.0, 0.0, 0.0003, 0.0, 0.0002, 0.0, 0.0002, 0.0, 0.0, 0.0, 0.0002, 0.0002, 0.0003, 0.0002, 0.0, 0.0, 0.0002, 0.0, 0.0004, 0.0003, 0.0, 0.0, 0.0, 0.0004, 0.0004, 0.0]"
24,0.0002,0.0004,0.0,0.0003,0.0004,0.0003,0.0003,0.0,0.0,0.0,0.0,0.0003,0.0004,0.0,0.0,0.0002,0.0002,0.0,0.0002,0.0003,0.0003,0.0,0.0004,0.0,0.0,0.0003,0.0003,0.0004,4000000000.0,0.118865038,0.709986073,1.39e-16,1,"[1, 1, 0, 1, 1, 1, 1, 0, 0, 0, 0, 1, 1, 0, 0, 1, 1, 0, 1, 1, 1, 0, 1, 0, 0, 1, 1, 1]","[0.0002, 0.0004, 0.0, 0.0003, 0.0004, 0.0003, 0.0003, 0.0, 0.0, 0.0, 0.0, 0.0003, 0.0004, 0.0, 0.0, 0.0002, 0.0002, 0.0, 0.0002, 0.0003, 0.0003, 0.0, 0.0004, 0.0, 0.0, 0.0003, 0.0003, 0.0004]"
25,0.0004,0.0,0.0003,0.0002,0.0002,0.0002,0.0,0.0,0.0,0.0,0.0,0.0004,0.0004,0.0,0.0003,0.0,0.0003,0.0003,0.0,0.0003,0.0004,0.0,0.0,0.0,0.0,0.0,0.0002,0.0002,4000000000.0,0.200378591,0.599028277,1.39e-16,1,"[1, 0, 1, 1, 1, 1, 0, 0, 0, 0, 0, 1, 1, 0, 1, 0, 1, 1, 0, 1, 1, 0, 0, 0, 0, 0, 1, 1]","[0.0004, 0.0, 0.0003, 0.0002, 0.0002, 0.0002, 0.0, 0.0, 0.0, 0.0, 0.0, 0.0004, 0.0004, 0.0, 0.0003, 0.0, 0.0003, 0.0003, 0.0, 0.0003, 0.0004, 0.0, 0.0, 0.0, 0.0, 0.0, 0.0002, 0.0002]"
26,0.0004,0.0,0.0004,0.0003,0.0,0.0,0.0002,0.0004,0.0002,0.0004,0.0,0.0004,0.0003,0.0,0.0,0.0,0.0,0.0003,0.0,0.0,0.0004,0.0,0.0,0.0,0.0003,0.0,0.0004,0.0,4000000000.0,0.129981747,0.538491007,1.39e-16,1,"[1, 0, 1, 1, 0, 0, 1, 1, 1, 1, 0, 1, 1, 0, 0, 0, 0, 1, 0, 0, 1, 0, 0, 0, 1, 0, 1, 0]","[0.0004, 0.0, 0.0004, 0.0003, 0.0, 0.0, 0.0002, 0.0004, 0.0002, 0.0004, 0.0, 0.0004, 0.0003, 0.0, 0.0, 0.0, 0.0, 0.0003, 0.0, 0.0, 0.0004, 0.0, 0.0, 0.0, 0.0003, 0.0, 0.0004, 0.0]"
27,0.0003,0.0003,0.0003,0.0,0.0,0.0,0.0002,0.0,0.0,0.0004,0.0004,0.0,0.0003,0.0004,0.0,0.0,0.0002,0.0,0.0002,0.0003,0.0002,0.0,0.0004,0.0,0.0,0.0004,0.0003,0.0,200000000000.0,0.231663723,1.016760278,1.39e-16,1,"[1, 1, 1, 0, 0, 0, 1, 0, 0, 1, 1, 0, 1, 1, 0, 0, 1, 0, 1, 1, 1, 0, 1, 0, 0, 1, 1, 0]","[0.0003, 0.0003, 0.0003, 0.0, 0.0, 0.0, 0.0002, 0.0, 0.0, 0.0004, 0.0004, 0.0, 0.0003, 0.0004, 0.0, 0.0, 0.0002, 0.0, 0.0002, 0.0003, 0.0002, 0.0, 0.0004, 0.0, 0.0, 0.0004, 0.0003, 0.0]"
28,0.0003,0.0003,0.0,0.0003,0.0003,0.0004,0.0003,0.0,0.0,0.0002,0.0003,0.0003,0.0004,0.0003,0.0,0.0,0.0003,0.0004,0.0002,0.0,0.0003,0.0002,0.0,0.0,0.0003,0.0002,0.0003,0.0004,4000000000.0,0.180274473,0.645694396,1.39e-16,1,"[1, 1, 0, 1, 1, 1, 1, 0, 0, 1, 1, 1, 1, 1, 0, 0, 1, 1, 1, 0, 1, 1, 0, 0, 1, 1, 1, 1]","[0.0003, 0.0003, 0.0, 0.0003, 0.0003, 0.0004, 0.0003, 0.0, 0.0, 0.0002, 0.0003, 0.0003, 0.0004, 0.0003, 0.0, 0.0, 0.0003, 0.0004, 0.0002, 0.0, 0.0003, 0.0002, 0.0, 0.0, 0.0003, 0.0002, 0.0003, 0.0004]"
29,0.0,0.0002,0.0,0.0002,0.0,0.0003,0.0002,0.0,0.0,0.0,0.0002,0.0003,0.0,0.0,0.0,0.0003,0.0,0.0,0.0,0.0002,0.0004,0.0004,0.0,0.0,0.0002,0.0,0.0,0.0003,200000000000.0,0.074672647,0.323547246,1.39e-16,1,"[0, 1, 0, 1, 0, 1, 1, 0, 0, 0, 1, 1, 0, 0, 0, 1, 0, 0, 0, 1, 1, 1, 0, 0, 1, 0, 0, 1]","[0.0, 0.0002, 0.0, 0.0002, 0.0, 0.0003, 0.0002, 0.0, 0.0, 0.0, 0.0002, 0.0003, 0.0, 0.0, 0.0, 0.0003, 0.0, 0.0, 0.0, 0.0002, 0.0004, 0.0004, 0.0, 0.0, 0.0002, 0.0, 0.0, 0.0003]"
30,0.0004,0.0003,0.0,0.0,0.0,0.0,0.0,0.0,0.0003,0.0002,0.0,0.0,0.0,0.0,0.0003,0.0003,0.0003,0.0003,0.0004,0.0004,0.0,0.0,0.0003,0.0,0.0003,0.0003,0.0004,0.0,200000000000.0,0.082159524,0.42826451,1.39e-16,1,"[1, 1, 0, 0, 0, 0, 0, 0, 1, 1, 0, 0, 0, 0, 1, 1, 1, 1, 1, 1, 0, 0, 1, 0, 1, 1, 1, 0]","[0.0004, 0.0003, 0.0, 0.0, 0.0, 0.0, 0.0, 0.0, 0.0003, 0.0002, 0.0, 0.0, 0.0, 0.0, 0.0003, 0.0003, 0.0003, 0.0003, 0.0004, 0.0004, 0.0, 0.0, 0.0003, 0.0, 0.0003, 0.0003, 0.0004, 0.0]"
31,0.0,0.0,0.0,0.0002,0.0,0.0003,0.0,0.0004,0.0,0.0002,0.0,0.0003,0.0,0.0004,0.0002,0.0,0.0,0.0002,0.0004,0.0,0.0003,0.0,0.0,0.0,0.0,0.0004,0.0,0.0004,4000000000.0,0.130056771,0.48167193,1.39e-16,1,"[0, 0, 0, 1, 0, 1, 0, 1, 0, 1, 0, 1, 0, 1, 1, 0, 0, 1, 1, 0, 1, 0, 0, 0, 0, 1, 0, 1]","[0.0, 0.0, 0.0, 0.0002, 0.0, 0.0003, 0.0, 0.0004, 0.0, 0.0002, 0.0, 0.0003, 0.0, 0.0004, 0.0002, 0.0, 0.0, 0.0002, 0.0004, 0.0, 0.0003, 0.0, 0.0, 0.0, 0.0, 0.0004, 0.0, 0.0004]"
32,0.0,0.0002,0.0004,0.0,0.0004,0.0002,0.0,0.0004,0.0,0.0,0.0,0.0,0.0,0.0,0.0004,0.0002,0.0003,0.0,0.0004,0.0002,0.0004,0.0003,0.0003,0.0,0.0,0.0002,0.0,0.0002,69000000000.0,0.483889722,0.741590935,1.39e-16,1,"[0, 1, 1, 0, 1, 1, 0, 1, 0, 0, 0, 0, 0, 0, 1, 1, 1, 0, 1, 1, 1, 1, 1, 0, 0, 1, 0, 1]","[0.0, 0.0002, 0.0004, 0.0, 0.0004, 0.0002, 0.0, 0.0004, 0.0, 0.0, 0.0, 0.0, 0.0, 0.0, 0.0004, 0.0002, 0.0003, 0.0, 0.0004, 0.0002, 0.0004, 0.0003, 0.0003, 0.0, 0.0, 0.0002, 0.0, 0.0002]"
33,0.0,0.0,0.0,0.0,0.0002,0.0003,0.0,0.0,0.0,0.0,0.0,0.0,0.0004,0.0,0.0002,0.0004,0.0003,0.0,0.0004,0.0002,0.0,0.0004,0.0002,0.0004,0.0004,0.0004,0.0,0.0002,200000000000.0,0.20004968,0.524477164,1.39e-16,1,"[0, 0, 0, 0, 1, 1, 0, 0, 0, 0, 0, 0, 1, 0, 1, 1, 1, 0, 1, 1, 0, 1, 1, 1, 1, 1, 0, 1]","[0.0, 0.0, 0.0, 0.0, 0.0002, 0.0003, 0.0, 0.0, 0.0, 0.0, 0.0, 0.0, 0.0004, 0.0, 0.0002, 0.0004, 0.0003, 0.0, 0.0004, 0.0002, 0.0, 0.0004, 0.0002, 0.0004, 0.0004, 0.0004, 0.0, 0.0002]"
34,0.0002,0.0,0.0,0.0002,0.0002,0.0002,0.0002,0.0002,0.0003,0.0004,0.0,0.0004,0.0004,0.0,0.0002,0.0004,0.0,0.0,0.0,0.0002,0.0003,0.0,0.0003,0.0,0.0,0.0,0.0003,0.0002,800000000.0,0.245098518,0.501253386,1.39e-16,1,"[1, 0, 0, 1, 1, 1, 1, 1, 1, 1, 0, 1, 1, 0, 1, 1, 0, 0, 0, 1, 1, 0, 1, 0, 0, 0, 1, 1]","[0.0002, 0.0, 0.0, 0.0002, 0.0002, 0.0002, 0.0002, 0.0002, 0.0003, 0.0004, 0.0, 0.0004, 0.0004, 0.0, 0.0002, 0.0004, 0.0, 0.0, 0.0, 0.0002, 0.0003, 0.0, 0.0003, 0.0, 0.0, 0.0, 0.0003, 0.0002]"
35,0.0004,0.0004,0.0,0.0,0.0,0.0004,0.0004,0.0004,0.0003,0.0,0.0003,0.0,0.0,0.0,0.0,0.0,0.0003,0.0004,0.0004,0.0003,0.0002,0.0004,0.0,0.0002,0.0,0.0004,0.0003,0.0002,800000000.0,0.369776078,0.625214234,1.39e-16,1,"[1, 1, 0, 0, 0, 1, 1, 1, 1, 0, 1, 0, 0, 0, 0, 0, 1, 1, 1, 1, 1, 1, 0, 1, 0, 1, 1, 1]","[0.0004, 0.0004, 0.0, 0.0, 0.0, 0.0004, 0.0004, 0.0004, 0.0003, 0.0, 0.0003, 0.0, 0.0, 0.0, 0.0, 0.0, 0.0003, 0.0004, 0.0004, 0.0003, 0.0002, 0.0004, 0.0, 0.0002, 0.0, 0.0004, 0.0003, 0.0002]"
36,0.0003,0.0,0.0003,0.0003,0.0,0.0,0.0,0.0002,0.0,0.0004,0.0,0.0002,0.0002,0.0004,0.0002,0.0,0.0002,0.0,0.0003,0.0004,0.0002,0.0,0.0004,0.0002,0.0004,0.0003,0.0004,0.0,117000000000.0,0.18190375,0.784749622,1.39e-16,1,"[1, 0, 1, 1, 0, 0, 0, 1, 0, 1, 0, 1, 1, 1, 1, 0, 1, 0, 1, 1, 1, 0, 1, 1, 1, 1, 1, 0]","[0.0003, 0.0, 0.0003, 0.0003, 0.0, 0.0, 0.0, 0.0002, 0.0, 0.0004, 0.0, 0.0002, 0.0002, 0.0004, 0.0002, 0.0, 0.0002, 0.0, 0.0003, 0.0004, 0.0002, 0.0, 0.0004, 0.0002, 0.0004, 0.0003, 0.0004, 0.0]"
37,0.0,0.0002,0.0003,0.0002,0.0003,0.0002,0.0,0.0,0.0,0.0003,0.0,0.0002,0.0002,0.0003,0.0003,0.0,0.0,0.0,0.0,0.0002,0.0003,0.0003,0.0,0.0,0.0,0.0,0.0,0.0002,117000000000.0,0.233995904,0.606192231,1.39e-16,1,"[0, 1, 1, 1, 1, 1, 0, 0, 0, 1, 0, 1, 1, 1, 1, 0, 0, 0, 0, 1, 1, 1, 0, 0, 0, 0, 0, 1]","[0.0, 0.0002, 0.0003, 0.0002, 0.0003, 0.0002, 0.0, 0.0, 0.0, 0.0003, 0.0, 0.0002, 0.0002, 0.0003, 0.0003, 0.0, 0.0, 0.0, 0.0, 0.0002, 0.0003, 0.0003, 0.0, 0.0, 0.0, 0.0, 0.0, 0.0002]"
38,0.0,0.0,0.0,0.0003,0.0003,0.0002,0.0,0.0004,0.0,0.0,0.0003,0.0003,0.0004,0.0,0.0003,0.0003,0.0,0.0004,0.0,0.0002,0.0,0.0,0.0,0.0,0.0,0.0,0.0,0.0004,4000000000.0,0.140567876,0.424303434,1.39e-16,1,"[0, 0, 0, 1, 1, 1, 0, 1, 0, 0, 1, 1, 1, 0, 1, 1, 0, 1, 0, 1, 0, 0, 0, 0, 0, 0, 0, 1]","[0.0, 0.0, 0.0, 0.0003, 0.0003, 0.0002, 0.0, 0.0004, 0.0, 0.0, 0.0003, 0.0003, 0.0004, 0.0, 0.0003, 0.0003, 0.0, 0.0004, 0.0, 0.0002, 0.0, 0.0, 0.0, 0.0, 0.0, 0.0, 0.0, 0.0004]"
39,0.0,0.0,0.0004,0.0004,0.0004,0.0002,0.0003,0.0,0.0,0.0,0.0003,0.0003,0.0,0.0002,0.0003,0.0003,0.0,0.0,0.0,0.0,0.0,0.0003,0.0,0.0004,0.0004,0.0,0.0,0.0002,69000000000.0,0.357130617,0.524754015,1.39e-16,1,"[0, 0, 1, 1, 1, 1, 1, 0, 0, 0, 1, 1, 0, 1, 1, 1, 0, 0, 0, 0, 0, 1, 0, 1, 1, 0, 0, 1]","[0.0, 0.0, 0.0004, 0.0004, 0.0004, 0.0002, 0.0003, 0.0, 0.0, 0.0, 0.0003, 0.0003, 0.0, 0.0002, 0.0003, 0.0003, 0.0, 0.0, 0.0, 0.0, 0.0, 0.0003, 0.0, 0.0004, 0.0004, 0.0, 0.0, 0.0002]"
40,0.0003,0.0,0.0002,0.0,0.0003,0.0,0.0002,0.0,0.0002,0.0,0.0003,0.0,0.0003,0.0003,0.0002,0.0,0.0002,0.0004,0.0003,0.0002,0.0,0.0003,0.0003,0.0,0.0003,0.0003,0.0003,0.0,800000000.0,0.172598061,0.609266609,1.39e-16,1,"[1, 0, 1, 0, 1, 0, 1, 0, 1, 0, 1, 0, 1, 1, 1, 0, 1, 1, 1, 1, 0, 1, 1, 0, 1, 1, 1, 0]","[0.0003, 0.0, 0.0002, 0.0, 0.0003, 0.0, 0.0002, 0.0, 0.0002, 0.0, 0.0003, 0.0, 0.0003, 0.0003, 0.0002, 0.0, 0.0002, 0.0004, 0.0003, 0.0002, 0.0, 0.0003, 0.0003, 0.0, 0.0003, 0.0003, 0.0003, 0.0]"
41,0.0002,0.0,0.0002,0.0002,0.0,0.0003,0.0002,0.0003,0.0004,0.0004,0.0004,0.0002,0.0,0.0,0.0,0.0,0.0003,0.0004,0.0004,0.0004,0.0,0.0,0.0003,0.0,0.0004,0.0004,0.0003,0.0003,69000000000.0,0.235366984,0.784519693,1.39e-16,1,"[1, 0, 1, 1, 0, 1, 1, 1, 1, 1, 1, 1, 0, 0, 0, 0, 1, 1, 1, 1, 0, 0, 1, 0, 1, 1, 1, 1]","[0.0002, 0.0, 0.0002, 0.0002, 0.0, 0.0003, 0.0002, 0.0003, 0.0004, 0.0004, 0.0004, 0.0002, 0.0, 0.0, 0.0, 0.0, 0.0003, 0.0004, 0.0004, 0.0004, 0.0, 0.0, 0.0003, 0.0, 0.0004, 0.0004, 0.0003, 0.0003]"
42,0.0003,0.0003,0.0,0.0,0.0003,0.0,0.0,0.0002,0.0003,0.0003,0.0,0.0,0.0,0.0,0.0004,0.0,0.0,0.0003,0.0003,0.0,0.0002,0.0,0.0002,0.0002,0.0,0.0004,0.0002,0.0,69000000000.0,0.362267683,0.545318242,1.39e-16,1,"[1, 1, 0, 0, 1, 0, 0, 1, 1, 1, 0, 0, 0, 0, 1, 0, 0, 1, 1, 0, 1, 0, 1, 1, 0, 1, 1, 0]","[0.0003, 0.0003, 0.0, 0.0, 0.0003, 0.0, 0.0, 0.0002, 0.0003, 0.0003, 0.0, 0.0, 0.0, 0.0, 0.0004, 0.0, 0.0, 0.0003, 0.0003, 0.0, 0.0002, 0.0, 0.0002, 0.0002, 0.0, 0.0004, 0.0002, 0.0]"
43,0.0003,0.0,0.0,0.0002,0.0,0.0,0.0003,0.0004,0.0,0.0,0.0,0.0003,0.0,0.0002,0.0003,0.0,0.0002,0.0,0.0,0.0,0.0002,0.0003,0.0,0.0004,0.0002,0.0,0.0002,0.0,69000000000.0,0.292184873,0.4447311,1.39e-16,1,"[1, 0, 0, 1, 0, 0, 1, 1, 0, 0, 0, 1, 0, 1, 1, 0, 1, 0, 0, 0, 1, 1, 0, 1, 1, 0, 1, 0]","[0.0003, 0.0, 0.0, 0.0002, 0.0, 0.0, 0.0003, 0.0004, 0.0, 0.0, 0.0, 0.0003, 0.0, 0.0002, 0.0003, 0.0, 0.0002, 0.0, 0.0, 0.0, 0.0002, 0.0003, 0.0, 0.0004, 0.0002, 0.0, 0.0002, 0.0]"
44,0.0,0.0002,0.0,0.0004,0.0004,0.0002,0.0003,0.0,0.0004,0.0,0.0,0.0003,0.0004,0.0003,0.0002,0.0003,0.0,0.0,0.0003,0.0,0.0004,0.0,0.0003,0.0004,0.0,0.0004,0.0,0.0004,69000000000.0,0.17923729,0.78662075,1.39e-16,1,"[0, 1, 0, 1, 1, 1, 1, 0, 1, 0, 0, 1, 1, 1, 1, 1, 0, 0, 1, 0, 1, 0, 1, 1, 0, 1, 0, 1]","[0.0, 0.0002, 0.0, 0.0004, 0.0004, 0.0002, 0.0003, 0.0, 0.0004, 0.0, 0.0, 0.0003, 0.0004, 0.0003, 0.0002, 0.0003, 0.0, 0.0, 0.0003, 0.0, 0.0004, 0.0, 0.0003, 0.0004, 0.0, 0.0004, 0.0, 0.0004]"
45,0.0003,0.0,0.0003,0.0004,0.0,0.0002,0.0003,0.0,0.0,0.0,0.0004,0.0004,0.0003,0.0,0.0002,0.0002,0.0003,0.0,0.0,0.0,0.0,0.0003,0.0003,0.0,0.0004,0.0,0.0002,0.0002,800000000.0,0.271072662,0.511564633,1.39e-16,1,"[1, 0, 1, 1, 0, 1, 1, 0, 0, 0, 1, 1, 1, 0, 1, 1, 1, 0, 0, 0, 0, 1, 1, 0, 1, 0, 1, 1]","[0.0003, 0.0, 0.0003, 0.0004, 0.0, 0.0002, 0.0003, 0.0, 0.0, 0.0, 0.0004, 0.0004, 0.0003, 0.0, 0.0002, 0.0002, 0.0003, 0.0, 0.0, 0.0, 0.0, 0.0003, 0.0003, 0.0, 0.0004, 0.0, 0.0002, 0.0002]"
46,0.0,0.0003,0.0003,0.0002,0.0,0.0003,0.0,0.0003,0.0004,0.0004,0.0002,0.0002,0.0,0.0,0.0,0.0,0.0,0.0002,0.0002,0.0004,0.0003,0.0003,0.0,0.0,0.0,0.0004,0.0,0.0003,200000000000.0,0.20959273,0.693976495,1.39e-16,1,"[0, 1, 1, 1, 0, 1, 0, 1, 1, 1, 1, 1, 0, 0, 0, 0, 0, 1, 1, 1, 1, 1, 0, 0, 0, 1, 0, 1]","[0.0, 0.0003, 0.0003, 0.0002, 0.0, 0.0003, 0.0, 0.0003, 0.0004, 0.0004, 0.0002, 0.0002, 0.0, 0.0, 0.0, 0.0, 0.0, 0.0002, 0.0002, 0.0004, 0.0003, 0.0003, 0.0, 0.0, 0.0, 0.0004, 0.0, 0.0003]"
47,0.0,0.0004,0.0,0.0002,0.0004,0.0002,0.0003,0.0002,0.0,0.0,0.0003,0.0003,0.0,0.0,0.0,0.0003,0.0,0.0,0.0,0.0,0.0002,0.0004,0.0003,0.0,0.0,0.0,0.0,0.0003,69000000000.0,0.216685747,0.598593061,1.39e-16,1,"[0, 1, 0, 1, 1, 1, 1, 1, 0, 0, 1, 1, 0, 0, 0, 1, 0, 0, 0, 0, 1, 1, 1, 0, 0, 0, 0, 1]","[0.0, 0.0004, 0.0, 0.0002, 0.0004, 0.0002, 0.0003, 0.0002, 0.0, 0.0, 0.0003, 0.0003, 0.0, 0.0, 0.0, 0.0003, 0.0, 0.0, 0.0, 0.0, 0.0002, 0.0004, 0.0003, 0.0, 0.0, 0.0, 0.0, 0.0003]"
48,0.0,0.0003,0.0002,0.0004,0.0,0.0004,0.0,0.0,0.0004,0.0003,0.0,0.0002,0.0,0.0,0.0,0.0,0.0,0.0004,0.0004,0.0,0.0004,0.0004,0.0,0.0,0.0003,0.0004,0.0,0.0004,4000000000.0,0.167079079,0.528647814,1.39e-16,1,"[0, 1, 1, 1, 0, 1, 0, 0, 1, 1, 0, 1, 0, 0, 0, 0, 0, 1, 1, 0, 1, 1, 0, 0, 1, 1, 0, 1]","[0.0, 0.0003, 0.0002, 0.0004, 0.0, 0.0004, 0.0, 0.0, 0.0004, 0.0003, 0.0, 0.0002, 0.0, 0.0, 0.0, 0.0, 0.0, 0.0004, 0.0004, 0.0, 0.0004, 0.0004, 0.0, 0.0, 0.0003, 0.0004, 0.0, 0.0004]"
49,0.0004,0.0003,0.0003,0.0002,0.0,0.0,0.0002,0.0,0.0,0.0,0.0,0.0003,0.0003,0.0002,0.0,0.0002,0.0,0.0004,0.0,0.0,0.0004,0.0,0.0002,0.0002,0.0,0.0,0.0002,0.0,69000000000.0,0.215517721,0.49360266,1.39e-16,1,"[1, 1, 1, 1, 0, 0, 1, 0, 0, 0, 0, 1, 1, 1, 0, 1, 0, 1, 0, 0, 1, 0, 1, 1, 0, 0, 1, 0]","[0.0004, 0.0003, 0.0003, 0.0002, 0.0, 0.0, 0.0002, 0.0, 0.0, 0.0, 0.0, 0.0003, 0.0003, 0.0002, 0.0, 0.0002, 0.0, 0.0004, 0.0, 0.0, 0.0004, 0.0, 0.0002, 0.0002, 0.0, 0.0, 0.0002, 0.0]"
50,0.0003,0.0,0.0003,0.0004,0.0,0.0004,0.0003,0.0002,0.0002,0.0,0.0004,0.0002,0.0002,0.0,0.0,0.0,0.0,0.0,0.0,0.0,0.0,0.0,0.0,0.0,0.0,0.0,0.0003,0.0004,200000000000.0,0.085745384,0.416679032,1.39e-16,1,"[1, 0, 1, 1, 0, 1, 1, 1, 1, 0, 1, 1, 1, 0, 0, 0, 0, 0, 0, 0, 0, 0, 0, 0, 0, 0, 1, 1]","[0.0003, 0.0, 0.0003, 0.0004, 0.0, 0.0004, 0.0003, 0.0002, 0.0002, 0.0, 0.0004, 0.0002, 0.0002, 0.0, 0.0, 0.0, 0.0, 0.0, 0.0, 0.0, 0.0, 0.0, 0.0, 0.0, 0.0, 0.0, 0.0003, 0.0004]"
51,0.0004,0.0003,0.0003,0.0003,0.0,0.0,0.0002,0.0003,0.0002,0.0004,0.0004,0.0002,0.0002,0.0,0.0004,0.0,0.0003,0.0002,0.0,0.0003,0.0,0.0004,0.0,0.0004,0.0,0.0,0.0003,0.0,69000000000.0,0.315184354,0.625925995,1.39e-16,1,"[1, 1, 1, 1, 0, 0, 1, 1, 1, 1, 1, 1, 1, 0, 1, 0, 1, 1, 0, 1, 0, 1, 0, 1, 0, 0, 1, 0]","[0.0004, 0.0003, 0.0003, 0.0003, 0.0, 0.0, 0.0002, 0.0003, 0.0002, 0.0004, 0.0004, 0.0002, 0.0002, 0.0, 0.0004, 0.0, 0.0003, 0.0002, 0.0, 0.0003, 0.0, 0.0004, 0.0, 0.0004, 0.0, 0.0, 0.0003, 0.0]"
52,0.0,0.0,0.0004,0.0,0.0,0.0003,0.0004,0.0,0.0,0.0,0.0004,0.0,0.0,0.0003,0.0,0.0002,0.0,0.0,0.0004,0.0,0.0004,0.0,0.0,0.0,0.0,0.0004,0.0,0.0004,4000000000.0,0.080833404,0.429837054,1.39e-16,1,"[0, 0, 1, 0, 0, 1, 1, 0, 0, 0, 1, 0, 0, 1, 0, 1, 0, 0, 1, 0, 1, 0, 0, 0, 0, 1, 0, 1]","[0.0, 0.0, 0.0004, 0.0, 0.0, 0.0003, 0.0004, 0.0, 0.0, 0.0, 0.0004, 0.0, 0.0, 0.0003, 0.0, 0.0002, 0.0, 0.0, 0.0004, 0.0, 0.0004, 0.0, 0.0, 0.0, 0.0, 0.0004, 0.0, 0.0004]"
53,0.0003,0.0002,0.0,0.0004,0.0003,0.0,0.0002,0.0003,0.0002,0.0,0.0002,0.0004,0.0,0.0,0.0,0.0004,0.0003,0.0,0.0002,0.0,0.0003,0.0002,0.0004,0.0002,0.0002,0.0004,0.0003,0.0,69000000000.0,0.183013404,0.664248296,1.39e-16,1,"[1, 1, 0, 1, 1, 0, 1, 1, 1, 0, 1, 1, 0, 0, 0, 1, 1, 0, 1, 0, 1, 1, 1, 1, 1, 1, 1, 0]","[0.0003, 0.0002, 0.0, 0.0004, 0.0003, 0.0, 0.0002, 0.0003, 0.0002, 0.0, 0.0002, 0.0004, 0.0, 0.0, 0.0, 0.0004, 0.0003, 0.0, 0.0002, 0.0, 0.0003, 0.0002, 0.0004, 0.0002, 0.0002, 0.0004, 0.0003, 0.0]"
54,0.0004,0.0,0.0,0.0,0.0004,0.0004,0.0,0.0,0.0,0.0002,0.0003,0.0,0.0,0.0004,0.0,0.0003,0.0,0.0002,0.0004,0.0,0.0004,0.0004,0.0,0.0,0.0,0.0003,0.0002,0.0004,200000000000.0,0.141288705,0.548998154,1.39e-16,1,"[1, 0, 0, 0, 1, 1, 0, 0, 0, 1, 1, 0, 0, 1, 0, 1, 0, 1, 1, 0, 1, 1, 0, 0, 0, 1, 1, 1]","[0.0004, 0.0, 0.0, 0.0, 0.0004, 0.0004, 0.0, 0.0, 0.0, 0.0002, 0.0003, 0.0, 0.0, 0.0004, 0.0, 0.0003, 0.0, 0.0002, 0.0004, 0.0, 0.0004, 0.0004, 0.0, 0.0, 0.0, 0.0003, 0.0002, 0.0004]"
55,0.0002,0.0,0.0003,0.0004,0.0,0.0,0.0004,0.0003,0.0002,0.0002,0.0,0.0003,0.0004,0.0,0.0003,0.0,0.0004,0.0,0.0,0.0,0.0003,0.0002,0.0,0.0003,0.0004,0.0,0.0003,0.0,4000000000.0,0.199896138,0.612605525,1.39e-16,1,"[1, 0, 1, 1, 0, 0, 1, 1, 1, 1, 0, 1, 1, 0, 1, 0, 1, 0, 0, 0, 1, 1, 0, 1, 1, 0, 1, 0]","[0.0002, 0.0, 0.0003, 0.0004, 0.0, 0.0, 0.0004, 0.0003, 0.0002, 0.0002, 0.0, 0.0003, 0.0004, 0.0, 0.0003, 0.0, 0.0004, 0.0, 0.0, 0.0, 0.0003, 0.0002, 0.0, 0.0003, 0.0004, 0.0, 0.0003, 0.0]"
56,0.0002,0.0003,0.0,0.0004,0.0004,0.0004,0.0004,0.0,0.0004,0.0004,0.0,0.0003,0.0,0.0004,0.0002,0.0,0.0003,0.0002,0.0,0.0002,0.0,0.0002,0.0,0.0004,0.0003,0.0,0.0002,0.0004,4000000000.0,0.287791019,0.641365944,1.39e-16,1,"[1, 1, 0, 1, 1, 1, 1, 0, 1, 1, 0, 1, 0, 1, 1, 0, 1, 1, 0, 1, 0, 1, 0, 1, 1, 0, 1, 1]","[0.0002, 0.0003, 0.0, 0.0004, 0.0004, 0.0004, 0.0004, 0.0, 0.0004, 0.0004, 0.0, 0.0003, 0.0, 0.0004, 0.0002, 0.0, 0.0003, 0.0002, 0.0, 0.0002, 0.0, 0.0002, 0.0, 0.0004, 0.0003, 0.0, 0.0002, 0.0004]"
57,0.0,0.0003,0.0,0.0002,0.0002,0.0003,0.0004,0.0,0.0,0.0004,0.0003,0.0004,0.0002,0.0,0.0,0.0,0.0003,0.0,0.0002,0.0003,0.0003,0.0,0.0,0.0002,0.0003,0.0004,0.0,0.0002,4000000000.0,0.409711775,0.771704211,1.39e-16,1,"[0, 1, 0, 1, 1, 1, 1, 0, 0, 1, 1, 1, 1, 0, 0, 0, 1, 0, 1, 1, 1, 0, 0, 1, 1, 1, 0, 1]","[0.0, 0.0003, 0.0, 0.0002, 0.0002, 0.0003, 0.0004, 0.0, 0.0, 0.0004, 0.0003, 0.0004, 0.0002, 0.0, 0.0, 0.0, 0.0003, 0.0, 0.0002, 0.0003, 0.0003, 0.0, 0.0, 0.0002, 0.0003, 0.0004, 0.0, 0.0002]"
58,0.0004,0.0004,0.0,0.0002,0.0,0.0002,0.0,0.0003,0.0003,0.0004,0.0003,0.0002,0.0,0.0,0.0,0.0,0.0004,0.0002,0.0,0.0,0.0004,0.0,0.0004,0.0004,0.0002,0.0,0.0003,0.0004,69000000000.0,0.195736225,0.623077212,1.39e-16,1,"[1, 1, 0, 1, 0, 1, 0, 1, 1, 1, 1, 1, 0, 0, 0, 0, 1, 1, 0, 0, 1, 0, 1, 1, 1, 0, 1, 1]","[0.0004, 0.0004, 0.0, 0.0002, 0.0, 0.0002, 0.0, 0.0003, 0.0003, 0.0004, 0.0003, 0.0002, 0.0, 0.0, 0.0, 0.0, 0.0004, 0.0002, 0.0, 0.0, 0.0004, 0.0, 0.0004, 0.0004, 0.0002, 0.0, 0.0003, 0.0004]"
59,0.0002,0.0,0.0,0.0,0.0003,0.0003,0.0,0.0,0.0002,0.0,0.0,0.0,0.0004,0.0,0.0003,0.0003,0.0002,0.0003,0.0002,0.0,0.0004,0.0,0.0,0.0004,0.0004,0.0003,0.0003,0.0003,69000000000.0,0.201108876,0.613207044,1.39e-16,1,"[1, 0, 0, 0, 1, 1, 0, 0, 1, 0, 0, 0, 1, 0, 1, 1, 1, 1, 1, 0, 1, 0, 0, 1, 1, 1, 1, 1]","[0.0002, 0.0, 0.0, 0.0, 0.0003, 0.0003, 0.0, 0.0, 0.0002, 0.0, 0.0, 0.0, 0.0004, 0.0, 0.0003, 0.0003, 0.0002, 0.0003, 0.0002, 0.0, 0.0004, 0.0, 0.0, 0.0004, 0.0004, 0.0003, 0.0003, 0.0003]"
60,0.0003,0.0,0.0002,0.0,0.0,0.0,0.0,0.0003,0.0,0.0,0.0002,0.0,0.0,0.0,0.0,0.0,0.0,0.0,0.0002,0.0,0.0,0.0003,0.0,0.0004,0.0004,0.0,0.0004,0.0,117000000000.0,0.046582621,0.171051731,1.0,1,"[1, 0, 1, 0, 0, 0, 0, 1, 0, 0, 1, 0, 0, 0, 0, 0, 0, 0, 1, 0, 0, 1, 0, 1, 1, 0, 1, 0]","[0.0003, 0.0, 0.0002, 0.0, 0.0, 0.0, 0.0, 0.0003, 0.0, 0.0, 0.0002, 0.0, 0.0, 0.0, 0.0, 0.0, 0.0, 0.0, 0.0002, 0.0, 0.0, 0.0003, 0.0, 0.0004, 0.0004, 0.0, 0.0004, 0.0]"
61,0.0004,0.0,0.0,0.0003,0.0,0.0003,0.0,0.0004,0.0004,0.0004,0.0003,0.0002,0.0,0.0,0.0,0.0,0.0,0.0,0.0004,0.0,0.0002,0.0,0.0003,0.0002,0.0,0.0,0.0003,0.0003,69000000000.0,0.160864579,0.339958055,1.0,1,"[1, 0, 0, 1, 0, 1, 0, 1, 1, 1, 1, 1, 0, 0, 0, 0, 0, 0, 1, 0, 1, 0, 1, 1, 0, 0, 1, 1]","[0.0004, 0.0, 0.0, 0.0003, 0.0, 0.0003, 0.0, 0.0004, 0.0004, 0.0004, 0.0003, 0.0002, 0.0, 0.0, 0.0, 0.0, 0.0, 0.0, 0.0004, 0.0, 0.0002, 0.0, 0.0003, 0.0002, 0.0, 0.0, 0.0003, 0.0003]"
62,0.0003,0.0,0.0,0.0,0.0,0.0,0.0,0.0,0.0,0.0002,0.0,0.0,0.0,0.0,0.0,0.0002,0.0,0.0004,0.0002,0.0,0.0003,0.0,0.0,0.0002,0.0,0.0,0.0003,0.0,69000000000.0,0.014986271,0.18388555,1.0,1,"[1, 0, 0, 0, 0, 0, 0, 0, 0, 1, 0, 0, 0, 0, 0, 1, 0, 1, 1, 0, 1, 0, 0, 1, 0, 0, 1, 0]","[0.0003, 0.0, 0.0, 0.0, 0.0, 0.0, 0.0, 0.0, 0.0, 0.0002, 0.0, 0.0, 0.0, 0.0, 0.0, 0.0002, 0.0, 0.0004, 0.0002, 0.0, 0.0003, 0.0, 0.0, 0.0002, 0.0, 0.0, 0.0003, 0.0]"
63,0.0004,0.0,0.0,0.0004,0.0,0.0003,0.0003,0.0004,0.0004,0.0002,0.0,0.0002,0.0,0.0,0.0,0.0004,0.0004,0.0002,0.0004,0.0,0.0003,0.0,0.0,0.0003,0.0,0.0,0.0004,0.0004,69000000000.0,0.083148098,0.347082635,1.0,1,"[1, 0, 0, 1, 0, 1, 1, 1, 1, 1, 0, 1, 0, 0, 0, 1, 1, 1, 1, 0, 1, 0, 0, 1, 0, 0, 1, 1]","[0.0004, 0.0, 0.0, 0.0004, 0.0, 0.0003, 0.0003, 0.0004, 0.0004, 0.0002, 0.0, 0.0002, 0.0, 0.0, 0.0, 0.0004, 0.0004, 0.0002, 0.0004, 0.0, 0.0003, 0.0, 0.0, 0.0003, 0.0, 0.0, 0.0004, 0.0004]"
64,0.0,0.0,0.0,0.0002,0.0,0.0003,0.0,0.0004,0.0002,0.0002,0.0002,0.0002,0.0,0.0,0.0,0.0,0.0,0.0,0.0002,0.0,0.0002,0.0003,0.0002,0.0004,0.0,0.0,0.0,0.0004,4000000000.0,0.102540771,0.200256316,1.0,1,"[0, 0, 0, 1, 0, 1, 0, 1, 1, 1, 1, 1, 0, 0, 0, 0, 0, 0, 1, 0, 1, 1, 1, 1, 0, 0, 0, 1]","[0.0, 0.0, 0.0, 0.0002, 0.0, 0.0003, 0.0, 0.0004, 0.0002, 0.0002, 0.0002, 0.0002, 0.0, 0.0, 0.0, 0.0, 0.0, 0.0, 0.0002, 0.0, 0.0002, 0.0003, 0.0002, 0.0004, 0.0, 0.0, 0.0, 0.0004]"
65,0.0,0.0,0.0,0.0003,0.0,0.0004,0.0,0.0,0.0004,0.0,0.0,0.0002,0.0004,0.0002,0.0,0.0003,0.0,0.0,0.0,0.0003,0.0,0.0004,0.0,0.0,0.0,0.0,0.0,0.0003,69000000000.0,0.035518419,0.257346672,1.0,1,"[0, 0, 0, 1, 0, 1, 0, 0, 1, 0, 0, 1, 1, 1, 0, 1, 0, 0, 0, 1, 0, 1, 0, 0, 0, 0, 0, 1]","[0.0, 0.0, 0.0, 0.0003, 0.0, 0.0004, 0.0, 0.0, 0.0004, 0.0, 0.0, 0.0002, 0.0004, 0.0002, 0.0, 0.0003, 0.0, 0.0, 0.0, 0.0003, 0.0, 0.0004, 0.0, 0.0, 0.0, 0.0, 0.0, 0.0003]"
66,0.0003,0.0,0.0,0.0003,0.0,0.0002,0.0003,0.0003,0.0003,0.0004,0.0,0.0004,0.0,0.0,0.0,0.0002,0.0,0.0003,0.0004,0.0,0.0002,0.0,0.0,0.0003,0.0,0.0,0.0004,0.0002,800000000.0,0.15593105,0.292266459,1.0,1,"[1, 0, 0, 1, 0, 1, 1, 1, 1, 1, 0, 1, 0, 0, 0, 1, 0, 1, 1, 0, 1, 0, 0, 1, 0, 0, 1, 1]","[0.0003, 0.0, 0.0, 0.0003, 0.0, 0.0002, 0.0003, 0.0003, 0.0003, 0.0004, 0.0, 0.0004, 0.0, 0.0, 0.0, 0.0002, 0.0, 0.0003, 0.0004, 0.0, 0.0002, 0.0, 0.0, 0.0003, 0.0, 0.0, 0.0004, 0.0002]"
67,0.0003,0.0002,0.0004,0.0002,0.0,0.0003,0.0004,0.0,0.0,0.0,0.0,0.0004,0.0,0.0,0.0,0.0003,0.0003,0.0,0.0,0.0002,0.0,0.0,0.0,0.0,0.0,0.0,0.0004,0.0004,117000000000.0,0.005978911,0.265869717,1.0,1,"[1, 1, 1, 1, 0, 1, 1, 0, 0, 0, 0, 1, 0, 0, 0, 1, 1, 0, 0, 1, 0, 0, 0, 0, 0, 0, 1, 1]","[0.0003, 0.0002, 0.0004, 0.0002, 0.0, 0.0003, 0.0004, 0.0, 0.0, 0.0, 0.0, 0.0004, 0.0, 0.0, 0.0, 0.0003, 0.0003, 0.0, 0.0, 0.0002, 0.0, 0.0, 0.0, 0.0, 0.0, 0.0, 0.0004, 0.0004]"
68,0.0002,0.0,0.0004,0.0004,0.0,0.0003,0.0,0.0002,0.0,0.0,0.0,0.0003,0.0003,0.0,0.0003,0.0,0.0,0.0,0.0,0.0002,0.0,0.0,0.0,0.0,0.0003,0.0,0.0003,0.0002,4000000000.0,0.068487676,0.238832548,1.0,1,"[1, 0, 1, 1, 0, 1, 0, 1, 0, 0, 0, 1, 1, 0, 1, 0, 0, 0, 0, 1, 0, 0, 0, 0, 1, 0, 1, 1]","[0.0002, 0.0, 0.0004, 0.0004, 0.0, 0.0003, 0.0, 0.0002, 0.0, 0.0, 0.0, 0.0003, 0.0003, 0.0, 0.0003, 0.0, 0.0, 0.0, 0.0, 0.0002, 0.0, 0.0, 0.0, 0.0, 0.0003, 0.0, 0.0003, 0.0002]"
69,0.0002,0.0,0.0,0.0002,0.0,0.0002,0.0,0.0,0.0002,0.0,0.0,0.0003,0.0002,0.0004,0.0002,0.0,0.0,0.0,0.0,0.0004,0.0,0.0002,0.0,0.0,0.0,0.0,0.0003,0.0004,69000000000.0,0.021291323,0.274201572,1.0,1,"[1, 0, 0, 1, 0, 1, 0, 0, 1, 0, 0, 1, 1, 1, 1, 0, 0, 0, 0, 1, 0, 1, 0, 0, 0, 0, 1, 1]","[0.0002, 0.0, 0.0, 0.0002, 0.0, 0.0002, 0.0, 0.0, 0.0002, 0.0, 0.0, 0.0003, 0.0002, 0.0004, 0.0002, 0.0, 0.0, 0.0, 0.0, 0.0004, 0.0, 0.0002, 0.0, 0.0, 0.0, 0.0, 0.0003, 0.0004]"
70,0.0002,0.0,0.0,0.0003,0.0,0.0,0.0003,0.0004,0.0003,0.0004,0.0004,0.0003,0.0,0.0,0.0,0.0,0.0,0.0,0.0003,0.0,0.0002,0.0003,0.0,0.0002,0.0,0.0,0.0004,0.0,4000000000.0,0.169907055,0.368663597,1.0,1,"[1, 0, 0, 1, 0, 0, 1, 1, 1, 1, 1, 1, 0, 0, 0, 0, 0, 0, 1, 0, 1, 1, 0, 1, 0, 0, 1, 0]","[0.0002, 0.0, 0.0, 0.0003, 0.0, 0.0, 0.0003, 0.0004, 0.0003, 0.0004, 0.0004, 0.0003, 0.0, 0.0, 0.0, 0.0, 0.0, 0.0, 0.0003, 0.0, 0.0002, 0.0003, 0.0, 0.0002, 0.0, 0.0, 0.0004, 0.0]"
71,0.0004,0.0,0.0,0.0002,0.0,0.0002,0.0004,0.0,0.0,0.0,0.0,0.0003,0.0,0.0,0.0,0.0003,0.0003,0.0,0.0004,0.0,0.0004,0.0,0.0,0.0003,0.0,0.0,0.0002,0.0002,200000000000.0,0.095833969,0.273750654,1.0,1,"[1, 0, 0, 1, 0, 1, 1, 0, 0, 0, 0, 1, 0, 0, 0, 1, 1, 0, 1, 0, 1, 0, 0, 1, 0, 0, 1, 1]","[0.0004, 0.0, 0.0, 0.0002, 0.0, 0.0002, 0.0004, 0.0, 0.0, 0.0, 0.0, 0.0003, 0.0, 0.0, 0.0, 0.0003, 0.0003, 0.0, 0.0004, 0.0, 0.0004, 0.0, 0.0, 0.0003, 0.0, 0.0, 0.0002, 0.0002]"
72,0.0002,0.0,0.0,0.0002,0.0,0.0003,0.0,0.0,0.0004,0.0,0.0,0.0003,0.0004,0.0002,0.0002,0.0,0.0,0.0003,0.0004,0.0003,0.0,0.0002,0.0,0.0002,0.0002,0.0,0.0003,0.0003,69000000000.0,0.092805724,0.319987643,1.0,1,"[1, 0, 0, 1, 0, 1, 0, 0, 1, 0, 0, 1, 1, 1, 1, 0, 0, 1, 1, 1, 0, 1, 0, 1, 1, 0, 1, 1]","[0.0002, 0.0, 0.0, 0.0002, 0.0, 0.0003, 0.0, 0.0, 0.0004, 0.0, 0.0, 0.0003, 0.0004, 0.0002, 0.0002, 0.0, 0.0, 0.0003, 0.0004, 0.0003, 0.0, 0.0002, 0.0, 0.0002, 0.0002, 0.0, 0.0003, 0.0003]"
73,0.0004,0.0,0.0,0.0004,0.0,0.0,0.0004,0.0,0.0002,0.0,0.0004,0.0003,0.0,0.0,0.0,0.0,0.0,0.0,0.0003,0.0004,0.0,0.0,0.0002,0.0003,0.0,0.0004,0.0002,0.0,4000000000.0,0.196057354,0.336945963,1.0,1,"[1, 0, 0, 1, 0, 0, 1, 0, 1, 0, 1, 1, 0, 0, 0, 0, 0, 0, 1, 1, 0, 0, 1, 1, 0, 1, 1, 0]","[0.0004, 0.0, 0.0, 0.0004, 0.0, 0.0, 0.0004, 0.0, 0.0002, 0.0, 0.0004, 0.0003, 0.0, 0.0, 0.0, 0.0, 0.0, 0.0, 0.0003, 0.0004, 0.0, 0.0, 0.0002, 0.0003, 0.0, 0.0004, 0.0002, 0.0]"
74,0.0002,0.0004,0.0003,0.0002,0.0,0.0003,0.0,0.0,0.0,0.0,0.0,0.0002,0.0,0.0,0.0,0.0,0.0,0.0,0.0,0.0003,0.0,0.0,0.0,0.0,0.0002,0.0002,0.0002,0.0004,69000000000.0,0.009297955,0.283980981,1.0,1,"[1, 1, 1, 1, 0, 1, 0, 0, 0, 0, 0, 1, 0, 0, 0, 0, 0, 0, 0, 1, 0, 0, 0, 0, 1, 1, 1, 1]","[0.0002, 0.0004, 0.0003, 0.0002, 0.0, 0.0003, 0.0, 0.0, 0.0, 0.0, 0.0, 0.0002, 0.0, 0.0, 0.0, 0.0, 0.0, 0.0, 0.0, 0.0003, 0.0, 0.0, 0.0, 0.0, 0.0002, 0.0002, 0.0002, 0.0004]"
75,0.0003,0.0,0.0003,0.0,0.0,0.0,0.0,0.0002,0.0,0.0,0.0,0.0,0.0003,0.0,0.0,0.0003,0.0,0.0,0.0003,0.0004,0.0004,0.0,0.0,0.0004,0.0,0.0,0.0003,0.0,117000000000.0,0.034317623,0.215666133,1.0,1,"[1, 0, 1, 0, 0, 0, 0, 1, 0, 0, 0, 0, 1, 0, 0, 1, 0, 0, 1, 1, 1, 0, 0, 1, 0, 0, 1, 0]","[0.0003, 0.0, 0.0003, 0.0, 0.0, 0.0, 0.0, 0.0002, 0.0, 0.0, 0.0, 0.0, 0.0003, 0.0, 0.0, 0.0003, 0.0, 0.0, 0.0003, 0.0004, 0.0004, 0.0, 0.0, 0.0004, 0.0, 0.0, 0.0003, 0.0]"
76,0.0,0.0,0.0003,0.0003,0.0,0.0002,0.0,0.0,0.0,0.0,0.0,0.0004,0.0002,0.0,0.0,0.0,0.0,0.0,0.0004,0.0003,0.0003,0.0004,0.0,0.0002,0.0,0.0,0.0,0.0003,800000000.0,0.092601878,0.211377368,1.0,1,"[0, 0, 1, 1, 0, 1, 0, 0, 0, 0, 0, 1, 1, 0, 0, 0, 0, 0, 1, 1, 1, 1, 0, 1, 0, 0, 0, 1]","[0.0, 0.0, 0.0003, 0.0003, 0.0, 0.0002, 0.0, 0.0, 0.0, 0.0, 0.0, 0.0004, 0.0002, 0.0, 0.0, 0.0, 0.0, 0.0, 0.0004, 0.0003, 0.0003, 0.0004, 0.0, 0.0002, 0.0, 0.0, 0.0, 0.0003]"
77,0.0,0.0,0.0,0.0004,0.0,0.0003,0.0,0.0004,0.0002,0.0,0.0002,0.0002,0.0,0.0,0.0,0.0,0.0,0.0,0.0,0.0003,0.0,0.0,0.0002,0.0,0.0,0.0002,0.0,0.0004,200000000000.0,0.022864457,0.165651704,1.0,1,"[0, 0, 0, 1, 0, 1, 0, 1, 1, 0, 1, 1, 0, 0, 0, 0, 0, 0, 0, 1, 0, 0, 1, 0, 0, 1, 0, 1]","[0.0, 0.0, 0.0, 0.0004, 0.0, 0.0003, 0.0, 0.0004, 0.0002, 0.0, 0.0002, 0.0002, 0.0, 0.0, 0.0, 0.0, 0.0, 0.0, 0.0, 0.0003, 0.0, 0.0, 0.0002, 0.0, 0.0, 0.0002, 0.0, 0.0004]"
78,0.0004,0.0,0.0,0.0,0.0,0.0003,0.0003,0.0,0.0,0.0,0.0,0.0,0.0,0.0,0.0,0.0002,0.0,0.0004,0.0004,0.0004,0.0,0.0003,0.0,0.0003,0.0004,0.0,0.0002,0.0003,4000000000.0,0.031304843,0.251942253,1.0,1,"[1, 0, 0, 0, 0, 1, 1, 0, 0, 0, 0, 0, 0, 0, 0, 1, 0, 1, 1, 1, 0, 1, 0, 1, 1, 0, 1, 1]","[0.0004, 0.0, 0.0, 0.0, 0.0, 0.0003, 0.0003, 0.0, 0.0, 0.0, 0.0, 0.0, 0.0, 0.0, 0.0, 0.0002, 0.0, 0.0004, 0.0004, 0.0004, 0.0, 0.0003, 0.0, 0.0003, 0.0004, 0.0, 0.0002, 0.0003]"
79,0.0004,0.0,0.0,0.0002,0.0,0.0004,0.0002,0.0002,0.0,0.0,0.0004,0.0002,0.0,0.0,0.0,0.0,0.0,0.0,0.0002,0.0,0.0,0.0,0.0003,0.0002,0.0,0.0,0.0003,0.0003,800000000.0,0.083624357,0.23056262,1.0,1,"[1, 0, 0, 1, 0, 1, 1, 1, 0, 0, 1, 1, 0, 0, 0, 0, 0, 0, 1, 0, 0, 0, 1, 1, 0, 0, 1, 1]","[0.0004, 0.0, 0.0, 0.0002, 0.0, 0.0004, 0.0002, 0.0002, 0.0, 0.0, 0.0004, 0.0002, 0.0, 0.0, 0.0, 0.0, 0.0, 0.0, 0.0002, 0.0, 0.0, 0.0, 0.0003, 0.0002, 0.0, 0.0, 0.0003, 0.0003]"
80,0.0004,0.0,0.0,0.0003,0.0,0.0004,0.0,0.0,0.0002,0.0,0.0,0.0002,0.0003,0.0003,0.0003,0.0,0.0,0.0,0.0002,0.0003,0.0,0.0002,0.0,0.0002,0.0002,0.0,0.0002,0.0002,800000000.0,0.123926627,0.289963375,1.0,1,"[1, 0, 0, 1, 0, 1, 0, 0, 1, 0, 0, 1, 1, 1, 1, 0, 0, 0, 1, 1, 0, 1, 0, 1, 1, 0, 1, 1]","[0.0004, 0.0, 0.0, 0.0003, 0.0, 0.0004, 0.0, 0.0, 0.0002, 0.0, 0.0, 0.0002, 0.0003, 0.0003, 0.0003, 0.0, 0.0, 0.0, 0.0002, 0.0003, 0.0, 0.0002, 0.0, 0.0002, 0.0002, 0.0, 0.0002, 0.0002]"
81,0.0003,0.0,0.0,0.0003,0.0,0.0004,0.0003,0.0004,0.0,0.0,0.0003,0.0002,0.0,0.0,0.0,0.0,0.0,0.0,0.0004,0.0,0.0,0.0,0.0003,0.0004,0.0,0.0002,0.0003,0.0003,200000000000.0,0.097283628,0.237743466,1.0,1,"[1, 0, 0, 1, 0, 1, 1, 1, 0, 0, 1, 1, 0, 0, 0, 0, 0, 0, 1, 0, 0, 0, 1, 1, 0, 1, 1, 1]","[0.0003, 0.0, 0.0, 0.0003, 0.0, 0.0004, 0.0003, 0.0004, 0.0, 0.0, 0.0003, 0.0002, 0.0, 0.0, 0.0, 0.0, 0.0, 0.0, 0.0004, 0.0, 0.0, 0.0, 0.0003, 0.0004, 0.0, 0.0002, 0.0003, 0.0003]"
82,0.0003,0.0,0.0,0.0002,0.0,0.0004,0.0003,0.0002,0.0003,0.0,0.0,0.0003,0.0,0.0,0.0,0.0004,0.0,0.0004,0.0004,0.0003,0.0,0.0,0.0,0.0003,0.0002,0.0,0.0003,0.0003,200000000000.0,0.079030607,0.267856668,1.0,1,"[1, 0, 0, 1, 0, 1, 1, 1, 1, 0, 0, 1, 0, 0, 0, 1, 0, 1, 1, 1, 0, 0, 0, 1, 1, 0, 1, 1]","[0.0003, 0.0, 0.0, 0.0002, 0.0, 0.0004, 0.0003, 0.0002, 0.0003, 0.0, 0.0, 0.0003, 0.0, 0.0, 0.0, 0.0004, 0.0, 0.0004, 0.0004, 0.0003, 0.0, 0.0, 0.0, 0.0003, 0.0002, 0.0, 0.0003, 0.0003]"
83,0.0002,0.0,0.0,0.0002,0.0,0.0004,0.0003,0.0,0.0003,0.0,0.0002,0.0004,0.0,0.0,0.0,0.0,0.0,0.0,0.0003,0.0002,0.0,0.0,0.0003,0.0002,0.0004,0.0003,0.0002,0.0003,200000000000.0,0.092779536,0.313355089,1.0,1,"[1, 0, 0, 1, 0, 1, 1, 0, 1, 0, 1, 1, 0, 0, 0, 0, 0, 0, 1, 1, 0, 0, 1, 1, 1, 1, 1, 1]","[0.0002, 0.0, 0.0, 0.0002, 0.0, 0.0004, 0.0003, 0.0, 0.0003, 0.0, 0.0002, 0.0004, 0.0, 0.0, 0.0, 0.0, 0.0, 0.0, 0.0003, 0.0002, 0.0, 0.0, 0.0003, 0.0002, 0.0004, 0.0003, 0.0002, 0.0003]"
84,0.0003,0.0,0.0,0.0004,0.0,0.0003,0.0004,0.0002,0.0,0.0,0.0,0.0004,0.0,0.0,0.0,0.0,0.0,0.0,0.0,0.0004,0.0,0.0,0.0,0.0,0.0,0.0003,0.0003,0.0004,800000000.0,0.006564939,0.197712557,1.0,1,"[1, 0, 0, 1, 0, 1, 1, 1, 0, 0, 0, 1, 0, 0, 0, 0, 0, 0, 0, 1, 0, 0, 0, 0, 0, 1, 1, 1]","[0.0003, 0.0, 0.0, 0.0004, 0.0, 0.0003, 0.0004, 0.0002, 0.0, 0.0, 0.0, 0.0004, 0.0, 0.0, 0.0, 0.0, 0.0, 0.0, 0.0, 0.0004, 0.0, 0.0, 0.0, 0.0, 0.0, 0.0003, 0.0003, 0.0004]"
85,0.0002,0.0,0.0,0.0,0.0,0.0002,0.0,0.0,0.0,0.0002,0.0,0.0,0.0,0.0,0.0,0.0004,0.0002,0.0002,0.0004,0.0,0.0002,0.0,0.0,0.0003,0.0,0.0,0.0002,0.0003,117000000000.0,0.017983526,0.171959704,1.0,1,"[1, 0, 0, 0, 0, 1, 0, 0, 0, 1, 0, 0, 0, 0, 0, 1, 1, 1, 1, 0, 1, 0, 0, 1, 0, 0, 1, 1]","[0.0002, 0.0, 0.0, 0.0, 0.0, 0.0002, 0.0, 0.0, 0.0, 0.0002, 0.0, 0.0, 0.0, 0.0, 0.0, 0.0004, 0.0002, 0.0002, 0.0004, 0.0, 0.0002, 0.0, 0.0, 0.0003, 0.0, 0.0, 0.0002, 0.0003]"
86,0.0004,0.0,0.0,0.0002,0.0,0.0003,0.0,0.0,0.0004,0.0,0.0,0.0004,0.0002,0.0004,0.0,0.0004,0.0,0.0,0.0,0.0004,0.0,0.0002,0.0,0.0,0.0,0.0,0.0004,0.0004,117000000000.0,0.007946505,0.297782972,1.0,1,"[1, 0, 0, 1, 0, 1, 0, 0, 1, 0, 0, 1, 1, 1, 0, 1, 0, 0, 0, 1, 0, 1, 0, 0, 0, 0, 1, 1]","[0.0004, 0.0, 0.0, 0.0002, 0.0, 0.0003, 0.0, 0.0, 0.0004, 0.0, 0.0, 0.0004, 0.0002, 0.0004, 0.0, 0.0004, 0.0, 0.0, 0.0, 0.0004, 0.0, 0.0002, 0.0, 0.0, 0.0, 0.0, 0.0004, 0.0004]"
87,0.0004,0.0,0.0004,0.0,0.0,0.0004,0.0,0.0004,0.0,0.0,0.0,0.0,0.0003,0.0,0.0,0.0002,0.0002,0.0,0.0004,0.0002,0.0,0.0,0.0,0.0004,0.0,0.0,0.0002,0.0004,4000000000.0,1.48e-17,0.208142636,1.0,1,"[1, 0, 1, 0, 0, 1, 0, 1, 0, 0, 0, 0, 1, 0, 0, 1, 1, 0, 1, 1, 0, 0, 0, 1, 0, 0, 1, 1]","[0.0004, 0.0, 0.0004, 0.0, 0.0, 0.0004, 0.0, 0.0004, 0.0, 0.0, 0.0, 0.0, 0.0003, 0.0, 0.0, 0.0002, 0.0002, 0.0, 0.0004, 0.0002, 0.0, 0.0, 0.0, 0.0004, 0.0, 0.0, 0.0002, 0.0004]"
88,0.0002,0.0002,0.0003,0.0004,0.0,0.0004,0.0004,0.0,0.0,0.0,0.0,0.0004,0.0,0.0,0.0,0.0003,0.0,0.0003,0.0004,0.0,0.0003,0.0,0.0,0.0003,0.0,0.0,0.0003,0.0002,4000000000.0,0.121818194,0.25760755,1.0,1,"[1, 1, 1, 1, 0, 1, 1, 0, 0, 0, 0, 1, 0, 0, 0, 1, 0, 1, 1, 0, 1, 0, 0, 1, 0, 0, 1, 1]","[0.0002, 0.0002, 0.0003, 0.0004, 0.0, 0.0004, 0.0004, 0.0, 0.0, 0.0, 0.0, 0.0004, 0.0, 0.0, 0.0, 0.0003, 0.0, 0.0003, 0.0004, 0.0, 0.0003, 0.0, 0.0, 0.0003, 0.0, 0.0, 0.0003, 0.0002]"
89,0.0002,0.0,0.0,0.0003,0.0,0.0004,0.0,0.0,0.0002,0.0,0.0,0.0003,0.0004,0.0003,0.0004,0.0,0.0,0.0,0.0,0.0003,0.0,0.0003,0.0,0.0,0.0004,0.0,0.0002,0.0002,117000000000.0,0.177447867,0.369043266,1.0,1,"[1, 0, 0, 1, 0, 1, 0, 0, 1, 0, 0, 1, 1, 1, 1, 0, 0, 0, 0, 1, 0, 1, 0, 0, 1, 0, 1, 1]","[0.0002, 0.0, 0.0, 0.0003, 0.0, 0.0004, 0.0, 0.0, 0.0002, 0.0, 0.0, 0.0003, 0.0004, 0.0003, 0.0004, 0.0, 0.0, 0.0, 0.0, 0.0003, 0.0, 0.0003, 0.0, 0.0, 0.0004, 0.0, 0.0002, 0.0002]"
90,0.0,0.0,0.0,0.0004,0.0,0.0003,0.0,0.0,0.0,0.0,0.0,0.0002,0.0002,0.0,0.0003,0.0,0.0,0.0,0.0,0.0003,0.0,0.0003,0.0,0.0,0.0004,0.0,0.0,0.0002,200000000000.0,0.112080845,0.213949506,1.0,1,"[0, 0, 0, 1, 0, 1, 0, 0, 0, 0, 0, 1, 1, 0, 1, 0, 0, 0, 0, 1, 0, 1, 0, 0, 1, 0, 0, 1]","[0.0, 0.0, 0.0, 0.0004, 0.0, 0.0003, 0.0, 0.0, 0.0, 0.0, 0.0, 0.0002, 0.0002, 0.0, 0.0003, 0.0, 0.0, 0.0, 0.0, 0.0003, 0.0, 0.0003, 0.0, 0.0, 0.0004, 0.0, 0.0, 0.0002]"
91,0.0,0.0,0.0,0.0004,0.0,0.0004,0.0,0.0,0.0004,0.0,0.0,0.0003,0.0004,0.0003,0.0004,0.0,0.0,0.0,0.0003,0.0002,0.0,0.0,0.0,0.0002,0.0002,0.0,0.0,0.0004,117000000000.0,0.082164041,0.290766588,1.0,1,"[0, 0, 0, 1, 0, 1, 0, 0, 1, 0, 0, 1, 1, 1, 1, 0, 0, 0, 1, 1, 0, 0, 0, 1, 1, 0, 0, 1]","[0.0, 0.0, 0.0, 0.0004, 0.0, 0.0004, 0.0, 0.0, 0.0004, 0.0, 0.0, 0.0003, 0.0004, 0.0003, 0.0004, 0.0, 0.0, 0.0, 0.0003, 0.0002, 0.0, 0.0, 0.0, 0.0002, 0.0002, 0.0, 0.0, 0.0004]"
92,0.0002,0.0,0.0004,0.0003,0.0002,0.0004,0.0,0.0,0.0,0.0,0.0,0.0004,0.0,0.0,0.0,0.0,0.0,0.0,0.0,0.0,0.0,0.0004,0.0004,0.0,0.0004,0.0,0.0003,0.0003,200000000000.0,0.061688976,0.267071105,1.0,1,"[1, 0, 1, 1, 1, 1, 0, 0, 0, 0, 0, 1, 0, 0, 0, 0, 0, 0, 0, 0, 0, 1, 1, 0, 1, 0, 1, 1]","[0.0002, 0.0, 0.0004, 0.0003, 0.0002, 0.0004, 0.0, 0.0, 0.0, 0.0, 0.0, 0.0004, 0.0, 0.0, 0.0, 0.0, 0.0, 0.0, 0.0, 0.0, 0.0, 0.0004, 0.0004, 0.0, 0.0004, 0.0, 0.0003, 0.0003]"
93,0.0003,0.0,0.0,0.0004,0.0003,0.0003,0.0,0.0002,0.0,0.0,0.0,0.0003,0.0003,0.0,0.0003,0.0,0.0,0.0004,0.0003,0.0,0.0,0.0003,0.0,0.0003,0.0003,0.0,0.0003,0.0002,117000000000.0,0.204146601,0.312205621,1.0,1,"[1, 0, 0, 1, 1, 1, 0, 1, 0, 0, 0, 1, 1, 0, 1, 0, 0, 1, 1, 0, 0, 1, 0, 1, 1, 0, 1, 1]","[0.0003, 0.0, 0.0, 0.0004, 0.0003, 0.0003, 0.0, 0.0002, 0.0, 0.0, 0.0, 0.0003, 0.0003, 0.0, 0.0003, 0.0, 0.0, 0.0004, 0.0003, 0.0, 0.0, 0.0003, 0.0, 0.0003, 0.0003, 0.0, 0.0003, 0.0002]"
94,0.0,0.0,0.0004,0.0004,0.0,0.0002,0.0,0.0002,0.0,0.0,0.0,0.0003,0.0003,0.0,0.0,0.0,0.0,0.0,0.0,0.0002,0.0,0.0,0.0003,0.0,0.0004,0.0002,0.0,0.0002,69000000000.0,0.058758906,0.268100867,1.0,1,"[0, 0, 1, 1, 0, 1, 0, 1, 0, 0, 0, 1, 1, 0, 0, 0, 0, 0, 0, 1, 0, 0, 1, 0, 1, 1, 0, 1]","[0.0, 0.0, 0.0004, 0.0004, 0.0, 0.0002, 0.0, 0.0002, 0.0, 0.0, 0.0, 0.0003, 0.0003, 0.0, 0.0, 0.0, 0.0, 0.0, 0.0, 0.0002, 0.0, 0.0, 0.0003, 0.0, 0.0004, 0.0002, 0.0, 0.0002]"
95,0.0,0.0002,0.0003,0.0003,0.0002,0.0004,0.0,0.0,0.0,0.0,0.0,0.0003,0.0,0.0,0.0,0.0003,0.0,0.0003,0.0,0.0,0.0,0.0003,0.0,0.0,0.0003,0.0,0.0,0.0004,800000000.0,0.055339842,0.19739508,1.0,1,"[0, 1, 1, 1, 1, 1, 0, 0, 0, 0, 0, 1, 0, 0, 0, 1, 0, 1, 0, 0, 0, 1, 0, 0, 1, 0, 0, 1]","[0.0, 0.0002, 0.0003, 0.0003, 0.0002, 0.0004, 0.0, 0.0, 0.0, 0.0, 0.0, 0.0003, 0.0, 0.0, 0.0, 0.0003, 0.0, 0.0003, 0.0, 0.0, 0.0, 0.0003, 0.0, 0.0, 0.0003, 0.0, 0.0, 0.0004]"
96,0.0,0.0,0.0,0.0,0.0,0.0002,0.0,0.0,0.0,0.0,0.0,0.0,0.0003,0.0003,0.0002,0.0,0.0,0.0,0.0002,0.0004,0.0,0.0,0.0,0.0004,0.0,0.0,0.0,0.0003,4000000000.0,0.021541641,0.200778928,1.0,1,"[0, 0, 0, 0, 0, 1, 0, 0, 0, 0, 0, 0, 1, 1, 1, 0, 0, 0, 1, 1, 0, 0, 0, 1, 0, 0, 0, 1]","[0.0, 0.0, 0.0, 0.0, 0.0, 0.0002, 0.0, 0.0, 0.0, 0.0, 0.0, 0.0, 0.0003, 0.0003, 0.0002, 0.0, 0.0, 0.0, 0.0002, 0.0004, 0.0, 0.0, 0.0, 0.0004, 0.0, 0.0, 0.0, 0.0003]"
97,0.0,0.0,0.0,0.0004,0.0,0.0004,0.0004,0.0003,0.0,0.0004,0.0,0.0003,0.0,0.0,0.0,0.0004,0.0002,0.0,0.0002,0.0,0.0004,0.0,0.0,0.0002,0.0,0.0,0.0,0.0003,800000000.0,0.126625856,0.320630453,1.0,1,"[0, 0, 0, 1, 0, 1, 1, 1, 0, 1, 0, 1, 0, 0, 0, 1, 1, 0, 1, 0, 1, 0, 0, 1, 0, 0, 0, 1]","[0.0, 0.0, 0.0, 0.0004, 0.0, 0.0004, 0.0004, 0.0003, 0.0, 0.0004, 0.0, 0.0003, 0.0, 0.0, 0.0, 0.0004, 0.0002, 0.0, 0.0002, 0.0, 0.0004, 0.0, 0.0, 0.0002, 0.0, 0.0, 0.0, 0.0003]"
98,0.0002,0.0,0.0,0.0004,0.0,0.0,0.0,0.0003,0.0004,0.0,0.0003,0.0004,0.0,0.0,0.0,0.0,0.0,0.0,0.0002,0.0002,0.0,0.0,0.0,0.0004,0.0003,0.0,0.0003,0.0,4000000000.0,0.110450378,0.235796028,1.0,1,"[1, 0, 0, 1, 0, 0, 0, 1, 1, 0, 1, 1, 0, 0, 0, 0, 0, 0, 1, 1, 0, 0, 0, 1, 1, 0, 1, 0]","[0.0002, 0.0, 0.0, 0.0004, 0.0, 0.0, 0.0, 0.0003, 0.0004, 0.0, 0.0003, 0.0004, 0.0, 0.0, 0.0, 0.0, 0.0, 0.0, 0.0002, 0.0002, 0.0, 0.0, 0.0, 0.0004, 0.0003, 0.0, 0.0003, 0.0]"
99,0.0004,0.0,0.0002,0.0003,0.0004,0.0,0.0,0.0002,0.0,0.0,0.0003,0.0002,0.0,0.0,0.0,0.0,0.0,0.0,0.0002,0.0,0.0,0.0002,0.0,0.0003,0.0002,0.0,0.0004,0.0,4000000000.0,0.104987622,0.225500013,1.0,1,"[1, 0, 1, 1, 1, 0, 0, 1, 0, 0, 1, 1, 0, 0, 0, 0, 0, 0, 1, 0, 0, 1, 0, 1, 1, 0, 1, 0]","[0.0004, 0.0, 0.0002, 0.0003, 0.0004, 0.0, 0.0, 0.0002, 0.0, 0.0, 0.0003, 0.0002, 0.0, 0.0, 0.0, 0.0, 0.0, 0.0, 0.0002, 0.0, 0.0, 0.0002, 0.0, 0.0003, 0.0002, 0.0, 0.0004, 0.0]"
